,r2,mae,rmse,mean,10_acc,10_recall,10_f1,10_precision,10_prc-auc,20_acc,20_recall,20_f1,20_precision,20_prc-auc,30_acc,30_recall,30_f1,30_precision,30_prc-auc,40_acc,40_recall,40_f1,40_precision,40_prc-auc,50_acc,50_recall,50_f1,50_precision,50_prc-auc
AL+Random,0.4413476009330393,15.301534518937016,25.588054767157054,12.955559530721338,0.7075294117647059,0.7352380952380954,0.5538462092058483,0.44570312894374714,0.6231764944438624,0.8479999999999999,0.6258823529411766,0.6222933529650798,0.6198125952135239,0.6602592387832326,0.9115294117647058,0.63,0.6670722755505365,0.7121515151515152,0.6971934046345811,0.9239999999999999,0.46,0.6075435647943387,0.9191190476190475,0.7245007002801119,0.9178823529411764,0.30200000000000005,0.46227106227106224,1.0,0.6920588235294117
AL cores 1,0.2865204658104791,16.302858387656133,28.920136078725417,10.121201651802897,0.7211764705882353,0.6190476190476191,0.5232190476190476,0.4531736909323116,0.5831694785193772,0.8141176470588235,0.5964705882352942,0.5621753300798835,0.5326669615214508,0.604921716054843,0.8896470588235295,0.6066666666666667,0.6047484723937814,0.6121039238539239,0.6371500011426482,0.8694117647058823,0.012727272727272728,0.022051282051282053,0.09,0.4752459893048129,0.8823529411764707,0.0,0.0,0.0,0.5588235294117646
AL cores 1&2,0.5126791405738054,14.322254881488853,23.893280948865005,12.948605750117126,0.7456470588235294,0.778095238095238,0.6009542104683887,0.49106397662265716,0.6619913720648302,0.8592941176470588,0.6811764705882353,0.6601305377489588,0.6421800334168755,0.693560604943732,0.9385882352941175,0.8316666666666669,0.793390065650935,0.7599167499167498,0.8076740612328848,0.9555294117647058,0.6981818181818181,0.7972635756056807,0.9476507936507936,0.8424457176810118,0.9148235294117647,0.276,0.4226390276390276,1.0,0.6805882352941175
Random,-0.0023154091151375653,16.369217520874003,34.27883425857774,4.701265082579207,0.7651764705882352,0.2695238095238095,0.36047540115449556,0.5809912952544531,0.5154928465067785,0.8028235294117646,0.05529411764705882,0.0941921470342523,0.35,0.4371176470588236,0.8588235294117647,0.0,0.0,0.0,0.5705882352941175,0.8705882352941177,0.0,0.0,0.0,0.5647058823529412,0.8823529411764707,0.0,0.0,0.0,0.5588235294117646
