,r2,mae,rmse,mean,10_acc,10_recall,10_f1,10_precision,10_prc-auc,20_acc,20_recall,20_f1,20_precision,20_prc-auc,30_acc,30_recall,30_f1,30_precision,30_prc-auc,40_acc,40_recall,40_f1,40_precision,40_prc-auc,50_acc,50_recall,50_f1,50_precision,50_prc-auc
AL+Random,0.48248258172542996,10.149649768027459,17.099928603860583,11.884248962099083,0.7997841726618704,0.8918309859154929,0.6948843415249648,0.5697266017896567,0.7445917434928624,0.8804316546762592,0.727719298245614,0.7135677840475618,0.7010819019802063,0.7423142691776582,0.8818705035971225,0.5152631578947369,0.5432140921417562,0.5761342930975938,0.5788282218990431,0.9151079136690649,0.32285714285714284,0.43181417708038716,0.6747030893942658,0.5328808355501649,0.9463309352517985,0.17333333333333328,0.29328289102202143,0.991,0.6089292565947243
AL cores 1,0.32323666984917404,10.755313700975599,19.554863098156744,11.121164473028141,0.7915827338129496,0.7746478873239436,0.6550281957796515,0.5674461849529099,0.6998240145556929,0.8456115107913669,0.7178947368421053,0.6557493746846866,0.604202123320857,0.6899692933908335,0.8546762589928057,0.5978947368421054,0.52900509922395,0.4759856709038507,0.5644222182614672,0.8933812949640288,0.10285714285714283,0.15865852582712844,0.3967864912864912,0.295001673186925,0.9354676258992805,0.003333333333333333,0.006105263157894736,0.04,0.5339328537170264
AL cores 1&2,0.49061185450857275,10.257816221642258,16.963029151041663,12.305656463649143,0.8041726618705038,0.8188732394366198,0.6812044756440154,0.5835387166903507,0.7243354744663629,0.8639568345323742,0.7431578947368422,0.6911517201345984,0.6470239486456196,0.7214218569430295,0.8840287769784173,0.6842105263157893,0.6176700012400445,0.5638250220896651,0.645600508015677,0.9168345323741007,0.40285714285714286,0.49008192489163244,0.6455587456345969,0.5542798866919131,0.9466906474820145,0.19444444444444442,0.31091901751947515,0.9274761904761906,0.5970394541509649
Random,0.07487979894334966,10.912403009664267,22.864404719712407,5.620776356229096,0.8123741007194244,0.5,0.5764228910070773,0.6831733067556384,0.6554355742411283,0.8066906474820145,0.11157894736842106,0.18969571680340333,0.6619429459429459,0.477840083346331,0.8622302158273382,0.026315789473684213,0.04963414634146341,0.45,0.30470465732677016,0.9005755395683451,0.03,0.05682758620689656,0.6,0.44384892086330935,0.935251798561151,0.0,0.0,0.0,0.5323741007194245
