,r2,mae,rmse,mean,10_acc,10_recall,10_f1,10_precision,10_prc-auc,20_acc,20_recall,20_f1,20_precision,20_prc-auc,30_acc,30_recall,30_f1,30_precision,30_prc-auc,40_acc,40_recall,40_f1,40_precision,40_prc-auc,50_acc,50_recall,50_f1,50_precision,50_prc-auc
AL+Random,0.515693176552222,7.92858425095436,11.716919507144047,11.397119650866282,0.8387564766839379,0.9516,0.7539036530066834,0.6247043255332059,0.7944215928184164,0.8927461139896373,0.7594999999999998,0.745266428906697,0.7335898706645615,0.771467215125027,0.866321243523316,0.45230769230769224,0.4757955733188695,0.5047090023460733,0.5153995390367273,0.9109844559585493,0.24000000000000005,0.3192928072199594,0.5083950493950493,0.4076690272881983,0.9595854922279793,0.025,0.042666666666666665,0.16,0.5327072538860104
AL cores 1,0.36407344391287944,8.272119409521364,13.425702254123044,11.467187160544633,0.8244559585492229,0.8400000000000002,0.7126617968075472,0.6189328060905389,0.7501917916463056,0.8555440414507774,0.7495,0.6822883532245606,0.6269821708753756,0.7141996346604857,0.8441450777202073,0.6038461538461538,0.5110595995964247,0.44409209758751994,0.5506530635406711,0.9063212435233161,0.16823529411764704,0.23615290635290634,0.435029304029304,0.33826442342580715,0.9584455958549222,0.0,0.0,0.0,0.5107253886010362
AL cores 1&2,0.42217847865853614,8.431127498437908,12.798881403502898,11.953000405686153,0.8347150259067359,0.8351999999999999,0.7238764010515102,0.6391264154153452,0.7585103579667399,0.8658031088082904,0.7795000000000002,0.7061317017024039,0.6463301068719687,0.7357647943686267,0.8617616580310881,0.6138461538461538,0.5450382203757463,0.4910916315524049,0.5784792553935799,0.8997927461139896,0.19764705882352943,0.2563298275604123,0.38298112998113,0.3256508819670965,0.958860103626943,0.0325,0.05393939393939395,0.18333333333333332,0.4679684801381693
Random,0.16567237545927843,8.527050198877912,15.380590186394834,5.987977405912073,0.8309844559585491,0.5871999999999999,0.6425507250092535,0.712447967857907,0.7032954865196271,0.8093264248704665,0.1355,0.2255824896232059,0.7014365079365079,0.5080537461962332,0.8637305699481863,0.039230769230769236,0.07192775041050906,0.45,0.3093304105221204,0.9141968911917098,0.051764705882352935,0.09520467836257307,0.66,0.45764401097226454,0.9585492227979274,0.0,0.0,0.0,0.5207253886010362
